id,winner_model_a,winner_model_b,winner_tie
136060,0.15444878704895068,0.220701596429301,0.6248496165217483
211333,0.5318256841102483,0.2198984321572279,0.2482758837325237
1233961,0.2495647291566908,0.5836012952311829,0.16683397561212632
